"ORDEPREC,N,6,0","GRARARTI,C,10","CODILIST,C,1","ANTEPREC,N,19,6","FEANPREC,D","ACTUPREC,N,19,6","FEACPREC,D","CODIMONE,C,1","CAANPREC,N,10,0","CANTPREC,N,10,0"
389812,633501,V,"30400,405044",12/01/2026,"30400,405044",12/01/2026,,1,1
389822,633502,V,"26391,904403",12/01/2026,"26391,904403",12/01/2026,,1,1
389832,633503,V,"24208,703162",12/01/2026,"24208,703162",12/01/2026,,1,1
389845,633504,V,"83226,717051",12/01/2026,"83226,717051",12/01/2026,,1,1
391468,633000,V,"217745,641227",25/11/2025,"217745,641227",09/12/2025,,1,1
391470,633001,V,"96025,65092",25/11/2025,"96025,65092",09/12/2025,,1,1
391473,633002,V,"90369,588576",12/01/2026,"90369,588576",12/01/2026,,1,1
391476,633003,V,"113872,820614",12/01/2026,"113872,820614",12/01/2026,,1,1
391478,633004,V,"95299,534808",25/11/2025,"95299,534808",09/12/2025,,1,1
391481,633005,V,"77156,186175",25/11/2025,"77156,186175",09/12/2025,,1,1
391484,633006,V,"109358,480314",12/01/2026,"109358,480314",12/01/2026,,1,1
391487,633007,V,"155447,745089",12/01/2026,"155447,745089",12/01/2026,,1,1
391490,633008,V,"187177,10834",12/01/2026,"187177,10834",12/01/2026,,1,1
391493,633009,V,"113072,182059",12/01/2026,"113072,182059",12/01/2026,,1,1
391495,633010,V,"105081,083166",25/11/2025,"105081,083166",09/12/2025,,1,1
391498,633011,V,"139871,599077",12/01/2026,"139871,599077",12/01/2026,,1,1
391501,633012,V,"212960,918217",12/01/2026,"212960,918217",12/01/2026,,1,1
391503,633013,V,"60775,579944",25/11/2025,"60775,579944",09/12/2025,,1,1
391506,633014,V,"46541,778157",12/01/2026,"46541,778157",12/01/2026,,1,1
391509,633015,V,"64150,548826",12/01/2026,"64150,548826",12/01/2026,,1,1
391512,633016,V,"33388,582125",12/01/2026,"33388,582125",12/01/2026,,1,1
391514,633017,V,"117355,311702",25/11/2025,"117355,311702",09/12/2025,,1,1
391517,633018,V,"433918,051014",12/01/2026,"433918,051014",12/01/2026,,1,1
391519,633019,V,"358554,841945",25/11/2025,"358554,841945",09/12/2025,,1,1
391522,633020,V,"80578,243414",12/01/2026,"80578,243414",12/01/2026,,1,1
391524,633021,V,"81971,482495",25/11/2025,"81971,482495",09/12/2025,,1,1
391527,633022,V,"121955,639436",12/01/2026,"121955,639436",12/01/2026,,1,1
391530,633023,V,"217917,616096",12/01/2026,"217917,616096",12/01/2026,,1,1
391533,633024,V,"109143,511728",12/01/2026,"109143,511728",12/01/2026,,1,1
391536,633025,V,"60216,661621",12/01/2026,"60216,661621",12/01/2026,,1,1
391539,633026,V,"223248,837021",12/01/2026,"223248,837021",12/01/2026,,1,1
391542,633027,V,"100114,831128",12/01/2026,"100114,831128",12/01/2026,,1,1
391545,633028,V,"121955,639436",09/12/2025,"121955,639436",30/12/2025,,1,1
391547,633032,V,"63359,597886",25/11/2025,"63359,597886",09/12/2025,,1,1
391550,633033,V,"30250,040774",12/01/2026,"30250,040774",12/01/2026,,1,1
391553,633034,V,"169497,136435",12/01/2026,"169497,136435",12/01/2026,,1,1
391556,633035,V,"900065,48642",12/01/2026,"900065,48642",12/01/2026,,1,1
391559,633036,V,"87087,734834",12/01/2026,"87087,734834",12/01/2026,,1,1
391562,633037,V,"16690,441133",12/01/2026,"16690,441133",12/01/2026,,1,1
391565,633038,V,"18811,300726",12/01/2026,"18811,300726",12/01/2026,,1,1
391568,633039,V,"18879,605383",12/01/2026,"18879,605383",12/01/2026,,1,1
391571,633040,V,"13184,113175",12/01/2026,"13184,113175",12/01/2026,,1,1
391574,633041,V,"15235,315364",12/01/2026,"15235,315364",12/01/2026,,1,1
391577,633042,V,"19429,197026",12/01/2026,"19429,197026",12/01/2026,,1,1
391579,633043,V,"50641,270791",12/01/2026,"50641,270791",12/01/2026,,1,1
391582,633044,V,"32984,51701",12/01/2026,"32984,51701",12/01/2026,,1,1
391585,633045,V,"36263,140536",12/01/2026,"36263,140536",12/01/2026,,1,1
391588,633046,V,"40907,857198",12/01/2026,"40907,857198",12/01/2026,,1,1
391591,633047,V,"25654,262639",12/01/2026,"25654,262639",12/01/2026,,1,1
391594,633048,V,"11438,765408",12/01/2026,"11438,765408",12/01/2026,,1,1
391597,633049,V,"11481,713629",12/01/2026,"11481,713629",12/01/2026,,1,1
391600,633050,V,"11538,977924",12/01/2026,"11538,977924",12/01/2026,,1,1
391603,633051,V,"11610,558293",12/01/2026,"11610,558293",12/01/2026,,1,1
391606,633052,V,"11768,035104",12/01/2026,"11768,035104",12/01/2026,,1,1
391609,633053,V,"12226,149463",12/01/2026,"12226,149463",12/01/2026,,1,1
391612,633054,V,"11868,24762",12/01/2026,"11868,24762",12/01/2026,,1,1
391615,633055,V,"12004,25032",12/01/2026,"12004,25032",12/01/2026,,1,1
391618,633056,V,"12150,990076",12/01/2026,"12150,990076",12/01/2026,,1,1
391621,633057,V,"12516,049955",12/01/2026,"12516,049955",12/01/2026,,1,1
391624,633058,V,"13049,323701",12/01/2026,"13049,323701",12/01/2026,,1,1
391627,633059,V,"13732,916221",12/01/2026,"13732,916221",12/01/2026,,1,1
391630,633060,V,"15153,786537",12/01/2026,"15153,786537",12/01/2026,,1,1
391633,633061,V,"16413,601024",12/01/2026,"16413,601024",12/01/2026,,1,1
391636,633062,V,"12537,524066",12/01/2026,"12537,524066",12/01/2026,,1,1
391639,633063,V,"12945,532167",12/01/2026,"12945,532167",12/01/2026,,1,1
391642,633064,V,"13546,807263",12/01/2026,"13546,807263",12/01/2026,,1,1
391645,633065,V,"13242,590696",12/01/2026,"13242,590696",12/01/2026,,1,1
391648,633066,V,"13879,655977",12/01/2026,"13879,655977",12/01/2026,,1,1
391651,633067,V,"14445,140888",12/01/2026,"14445,140888",12/01/2026,,1,1
391654,633068,V,"18410,693307",12/01/2026,"18410,693307",12/01/2026,,1,1
391657,633069,V,"20271,78289",12/01/2026,"20271,78289",12/01/2026,,1,1
391660,633070,V,"26892,966983",12/01/2026,"26892,966983",12/01/2026,,1,1
391663,633071,V,"17945,420912",12/01/2026,"17945,420912",12/01/2026,,1,1
391666,633072,V,"10674,535783",12/01/2026,"10674,535783",12/01/2026,,1,1
391669,633073,V,"13052,993712",12/01/2026,"13052,993712",12/01/2026,,1,1
391672,633074,V,"17800,319012",12/01/2026,"17800,319012",12/01/2026,,1,1
391675,633075,V,"22531,660052",12/01/2026,"22531,660052",12/01/2026,,1,1
391678,633076,V,"13248,001687",12/01/2026,"13248,001687",12/01/2026,,1,1
391681,633077,V,"18311,815341",12/01/2026,"18311,815341",12/01/2026,,1,1
391684,633078,V,"22915,282299",12/01/2026,"22915,282299",12/01/2026,,1,1
391687,633079,V,"12854,788884",12/01/2026,"12854,788884",12/01/2026,,1,1
391690,633080,V,"15469,813865",12/01/2026,"15469,813865",12/01/2026,,1,1
391693,633081,V,"23362,841586",12/01/2026,"23362,841586",12/01/2026,,1,1
391696,633082,V,"22211,974847",12/01/2026,"22211,974847",12/01/2026,,1,1
391699,633083,V,"21488,649156",12/01/2026,"21488,649156",12/01/2026,,1,1
391702,633084,V,"20951,796392",12/01/2026,"20951,796392",12/01/2026,,1,1
391705,633085,V,"22633,935053",12/01/2026,"22633,935053",12/01/2026,,1,1
391708,633086,V,"24602,395189",12/01/2026,"24602,395189",12/01/2026,,1,1
391711,633087,V,"27071,917905",12/01/2026,"27071,917905",12/01/2026,,1,1
391714,633088,V,"10901,912644",12/01/2026,"10901,912644",12/01/2026,,1,1
391717,633089,V,"11263,393505",12/01/2026,"11263,393505",12/01/2026,,1,1
391720,633090,V,"15769,377707",12/01/2026,"15769,377707",12/01/2026,,1,1
391723,633091,V,"13754,390332",12/01/2026,"13754,390332",12/01/2026,,1,1
391725,633092,V,"14348,507391",12/01/2026,"14348,507391",12/01/2026,,1,1
391728,633093,V,"13371,43536",12/01/2026,"13371,43536",12/01/2026,,1,1
391731,633094,V,"14028,033588",12/01/2026,"14028,033588",12/01/2026,,1,1
391734,633095,V,"11760,695083",12/01/2026,"11760,695083",12/01/2026,,1,1
391737,633096,V,"14056,665736",12/01/2026,"14056,665736",12/01/2026,,1,1
391740,633097,V,"18408,873468",12/01/2026,"18408,873468",12/01/2026,,1,1
391743,633098,V,"15679,902246",12/01/2026,"15679,902246",12/01/2026,,1,1
391746,633099,V,"11997,092283",12/01/2026,"11997,092283",12/01/2026,,1,1
391749,633100,V,"14570,406533",12/01/2026,"14570,406533",12/01/2026,,1,1
391752,633101,V,"21882,341183",12/01/2026,"21882,341183",12/01/2026,,1,1
391755,633102,V,"24566,605005",12/01/2026,"24566,605005",12/01/2026,,1,1
391758,633103,V,"18732,804966",12/01/2026,"18732,804966",12/01/2026,,1,1
391761,633104,V,"17143,720784",12/01/2026,"17143,720784",12/01/2026,,1,1
391764,633105,V,"17766,46999",12/01/2026,"17766,46999",12/01/2026,,1,1
391767,633106,V,"25532,939981",12/01/2026,"25532,939981",12/01/2026,,1,1
391770,633107,V,"26212,953482",12/01/2026,"26212,953482",12/01/2026,,1,1
391773,633108,V,"15014,204819",12/01/2026,"15014,204819",12/01/2026,,1,1
391776,633109,V,"19555,979205",12/01/2026,"19555,979205",12/01/2026,,1,1
391779,633110,V,"22562,354685",12/01/2026,"22562,354685",12/01/2026,,1,1
391782,633111,V,"16656,974277",12/01/2026,"16656,974277",12/01/2026,,1,1
391785,633112,V,"18661,224597",12/01/2026,"18661,224597",12/01/2026,,1,1
391788,633113,V,"13815,233645",12/01/2026,"13815,233645",12/01/2026,,1,1
391791,633114,V,"15103,680279",12/01/2026,"15103,680279",12/01/2026,,1,1
391794,633115,V,"15769,377707",12/01/2026,"15769,377707",12/01/2026,,1,1
391797,633116,V,"14259,03193",12/01/2026,"14259,03193",12/01/2026,,1,1
391800,633117,V,"15103,680279",12/01/2026,"15103,680279",12/01/2026,,1,1
391803,633118,V,"15679,902246",12/01/2026,"15679,902246",12/01/2026,,1,1
391806,633119,V,"13951,236345",12/01/2026,"13951,236345",12/01/2026,,1,1
391809,633120,V,"13994,184566",12/01/2026,"13994,184566",12/01/2026,,1,1
391812,633121,V,"17193,827042",12/01/2026,"17193,827042",12/01/2026,,1,1
391815,633122,V,"18088,581649",12/01/2026,"18088,581649",12/01/2026,,1,1
391818,633123,V,"16377,81084",12/01/2026,"16377,81084",12/01/2026,,1,1
391821,633124,V,"17047,087286",12/01/2026,"17047,087286",12/01/2026,,1,1
391824,633125,V,"15873,169241",12/01/2026,"15873,169241",12/01/2026,,1,1
391827,633126,V,"16746,449738",12/01/2026,"16746,449738",12/01/2026,,1,1
391830,633127,V,"18410,693307",12/01/2026,"18410,693307",12/01/2026,,1,1
391833,633128,V,"34408,905684",12/01/2026,"34408,905684",12/01/2026,,1,1
391836,633129,V,"23850,801319",12/01/2026,"23850,801319",12/01/2026,,1,1
391839,633130,V,"19555,979205",12/01/2026,"19555,979205",12/01/2026,,1,1
391842,633131,V,"13106,587996",12/01/2026,"13106,587996",12/01/2026,,1,1
391845,633132,V,"13550,386281",12/01/2026,"13550,386281",12/01/2026,,1,1
391848,633133,V,"11109,495713",12/01/2026,"11109,495713",12/01/2026,,1,1
391851,633134,V,"11553,293998",12/01/2026,"11553,293998",12/01/2026,,1,1
391854,633135,V,"12086,567744",12/01/2026,"12086,567744",12/01/2026,,1,1
391857,633136,V,"12176,043205",12/01/2026,"12176,043205",12/01/2026,,1,1
391860,633137,V,"13106,587996",12/01/2026,"13106,587996",12/01/2026,,1,1
391863,633138,V,"15146,6285",12/01/2026,"15146,6285",12/01/2026,,1,1
391866,633139,V,"17130,132646",12/01/2026,"17130,132646",12/01/2026,,1,1
391869,633140,V,"17515,9387",12/01/2026,"17515,9387",12/01/2026,,1,1
391872,633141,V,"18697,014782",12/01/2026,"18697,014782",12/01/2026,,1,1
391875,633142,V,"30006,713016",12/01/2026,"30006,713016",12/01/2026,,1,1
391878,633143,V,"31653,061494",12/01/2026,"31653,061494",12/01/2026,,1,1
391881,633144,V,"35697,352318",12/01/2026,"35697,352318",12/01/2026,,1,1
391884,633145,V,"11551,595481",12/01/2026,"11551,595481",12/01/2026,,1,1
391887,633146,V,"16213,175992",12/01/2026,"16213,175992",12/01/2026,,1,1
391890,633147,V,"18875,965703",12/01/2026,"18875,965703",12/01/2026,,1,1
391893,633148,V,"22025,50192",12/01/2026,"22025,50192",12/01/2026,,1,1
391896,633149,V,"23421,319108",12/01/2026,"23421,319108",12/01/2026,,1,1
391899,633150,V,"16524,550596",12/01/2026,"16524,550596",12/01/2026,,1,1
391902,633151,V,"21238,117866",12/01/2026,"21238,117866",12/01/2026,,1,1
391905,633152,V,"15103,680279",12/01/2026,"15103,680279",12/01/2026,,1,1
391908,633153,V,"15511,68838",12/01/2026,"15511,68838",12/01/2026,,1,1
391911,633154,V,"17802,260175",12/01/2026,"17802,260175",12/01/2026,,1,1
391914,633155,V,"17802,260175",12/01/2026,"17802,260175",12/01/2026,,1,1
391917,633156,V,"17802,260175",12/01/2026,"17802,260175",12/01/2026,,1,1
391920,633157,V,"13196,063457",12/01/2026,"13196,063457",12/01/2026,,1,1
391923,633158,V,"16052,120163",12/01/2026,"16052,120163",12/01/2026,,1,1
391926,633159,V,"18553,854045",12/01/2026,"18553,854045",12/01/2026,,1,1
391929,633160,V,"22812,885975",12/01/2026,"22812,885975",12/01/2026,,1,1
391932,633161,V,"12040,040504",12/01/2026,"12040,040504",12/01/2026,,1,1
391935,633162,V,"12261,939647",12/01/2026,"12261,939647",12/01/2026,,1,1
391938,633163,V,"12530,366029",12/01/2026,"12530,366029",12/01/2026,,1,1
391941,633164,V,"12795,213393",12/01/2026,"12795,213393",12/01/2026,,1,1
391944,633165,V,"13371,43536",12/01/2026,"13371,43536",12/01/2026,,1,1
391947,633166,V,"13861,760885",12/01/2026,"13861,760885",12/01/2026,,1,1
391950,633167,V,"19233,867546",12/01/2026,"19233,867546",12/01/2026,,1,1
391953,633168,V,"22454,984132",12/01/2026,"22454,984132",12/01/2026,,1,1
391956,633169,V,"17587,519069",12/01/2026,"17587,519069",12/01/2026,,1,1
391959,633170,V,"27036,127721",12/01/2026,"27036,127721",12/01/2026,,1,1
391962,633171,V,"40994,299593",12/01/2026,"40994,299593",12/01/2026,,1,1
391965,633172,V,"14201,767635",12/01/2026,"14201,767635",12/01/2026,,1,1
391968,633173,V,"14201,767635",12/01/2026,"14201,767635",12/01/2026,,1,1
391971,633174,V,"14201,767635",12/01/2026,"14201,767635",12/01/2026,,1,1
391974,633175,V,"15312,71922",12/01/2026,"15312,71922",12/01/2026,,1,1
391977,633176,V,"17388,549909",12/01/2026,"17388,549909",12/01/2026,,1,1
391980,633178,V,"26184,442657",12/01/2026,"26184,442657",12/01/2026,,1,1
391983,633179,V,"24249,346253",12/01/2026,"24249,346253",12/01/2026,,1,1
391986,633180,V,"28999,128337",12/01/2026,"28999,128337",12/01/2026,,1,1
391989,633181,V,"34241,480415",12/01/2026,"34241,480415",12/01/2026,,1,1
391991,633182,V,"83910,976846",25/11/2025,"83910,976846",09/12/2025,,1,1
391994,633183,V,"164013,04896",12/01/2026,"164013,04896",12/01/2026,,1,1
391997,633185,V,"99082,981917",12/01/2026,"99082,981917",12/01/2026,,1,1
392000,633186,V,"107036,819588",12/01/2026,"107036,819588",12/01/2026,,1,1
392002,633187,V,"138336,245667",25/11/2025,"138336,245667",09/12/2025,,1,1
392006,633188,V,"22889,707482",12/01/2026,"22889,707482",12/01/2026,,1,1
392009,633189,V,"169107,326733",12/01/2026,"169107,326733",12/01/2026,,1,1
392012,633190,V,"158318,769978",25/11/2025,"158318,769978",09/12/2025,,1,1
392014,633191,V,"66493,744324",25/11/2025,"66493,744324",09/12/2025,,1,1
392017,633192,V,"63312,209255",12/01/2026,"63312,209255",12/01/2026,,1,1
392019,633193,V,"175860,206572",12/01/2026,"175860,206572",12/01/2026,,1,1
392023,633194,V,"93149,848951",12/01/2026,"93149,848951",12/01/2026,,1,1
392026,633195,V,"107206,140523",25/11/2025,"107206,140523",09/12/2025,,1,1
392029,633196,V,"42159,300422",12/01/2026,"42159,300422",12/01/2026,,1,1
392033,633197,V,"52243,014993",12/01/2026,"52243,014993",12/01/2026,,1,1
392036,633198,V,"158199,342986",12/01/2026,"158199,342986",12/01/2026,,1,1
392039,633199,V,"49726,194639",12/01/2026,"49726,194639",12/01/2026,,1,1
392042,633200,V,"13239,011678",12/01/2026,"13239,011678",12/01/2026,,1,1
392045,633201,V,"14702,830215",12/01/2026,"14702,830215",12/01/2026,,1,1
392048,633202,V,"16614,026056",12/01/2026,"16614,026056",12/01/2026,,1,1
392051,633203,V,"13861,760885",12/01/2026,"13861,760885",12/01/2026,,1,1
392054,633204,V,"15547,478564",12/01/2026,"15547,478564",12/01/2026,,1,1
392057,633205,V,"19090,706809",12/01/2026,"19090,706809",12/01/2026,,1,1
392060,633206,V,"12176,043205",12/01/2026,"12176,043205",12/01/2026,,1,1
392063,633207,V,"18123,76522",12/01/2026,"18123,76522",12/01/2026,,1,1
392066,633208,V,"18434,957839",12/01/2026,"18434,957839",12/01/2026,,1,1
392069,633209,V,"16123,700532",12/01/2026,"16123,700532",12/01/2026,,1,1
392072,633210,V,"23099,207449",12/01/2026,"23099,207449",12/01/2026,,1,1
392075,633211,V,"12698,579895",12/01/2026,"12698,579895",12/01/2026,,1,1
392078,633212,V,"14194,609598",12/01/2026,"14194,609598",12/01/2026,,1,1
392081,633213,V,"18430,408239",12/01/2026,"18430,408239",12/01/2026,,1,1
392084,633214,V,"14971,256597",12/01/2026,"14971,256597",12/01/2026,,1,1
392087,633215,V,"23993,962056",12/01/2026,"23993,962056",12/01/2026,,1,1
392090,633216,V,"20737,055286",12/01/2026,"20737,055286",12/01/2026,,1,1
392093,633217,V,"27000,337536",12/01/2026,"27000,337536",12/01/2026,,1,1
392096,633218,V,"37522,651717",12/01/2026,"37522,651717",12/01/2026,,1,1
392099,633219,V,"22884,466343",12/01/2026,"22884,466343",12/01/2026,,1,1
392102,633220,V,"24101,332609",12/01/2026,"24101,332609",12/01/2026,,1,1
392105,633221,V,"28288,784171",12/01/2026,"28288,784171",12/01/2026,,1,1
392108,633222,V,"34194,164578",12/01/2026,"34194,164578",12/01/2026,,1,1
392111,633223,V,"44143,83581",12/01/2026,"44143,83581",12/01/2026,,1,1
392114,633224,V,"53950,346304",12/01/2026,"53950,346304",12/01/2026,,1,1
392117,633225,V,"19233,867546",12/01/2026,"19233,867546",12/01/2026,,1,1
392120,633226,V,"93176,388283",12/01/2026,"93176,388283",12/01/2026,,1,1
392123,633227,V,"195071,042948",25/11/2025,"195071,042948",09/12/2025,,1,1
392126,633228,V,"320837,750533",12/01/2026,"320837,750533",12/01/2026,,1,1
392129,633229,V,"21828,959214",12/01/2026,"21828,959214",12/01/2026,,1,1
392132,633230,V,"38274,245587",12/01/2026,"38274,245587",12/01/2026,,1,1
392135,633231,V,"10554,747856",12/01/2026,"10554,747856",12/01/2026,,1,1
392138,633232,V,"11732,244919",12/01/2026,"11732,244919",12/01/2026,,1,1
392141,633233,V,"11714,349827",12/01/2026,"11714,349827",12/01/2026,,1,1
392144,633234,V,"14527,458312",12/01/2026,"14527,458312",12/01/2026,,1,1
392147,633235,V,"18875,965703",12/01/2026,"18875,965703",12/01/2026,,1,1
392150,633236,V,"10576,221967",12/01/2026,"10576,221967",12/01/2026,,1,1
392153,633237,V,"10755,172888",12/01/2026,"10755,172888",12/01/2026,,1,1
392156,633238,V,"10783,805036",12/01/2026,"10783,805036",12/01/2026,,1,1
392159,633239,V,"12609,104435",12/01/2026,"12609,104435",12/01/2026,,1,1
392162,633240,V,"14055,02788",12/01/2026,"14055,02788",12/01/2026,,1,1
392165,633241,V,"143139,485548",12/01/2026,"143139,485548",12/01/2026,,1,1
392168,633242,V,"162215,653773",12/01/2026,"162215,653773",12/01/2026,,1,1
392171,633243,V,"204841,763258",12/01/2026,"204841,763258",12/01/2026,,1,1
392174,633244,V,"19499,564168",12/01/2026,"19499,564168",12/01/2026,,1,1
392177,633245,V,"29290,909331",12/01/2026,"29290,909331",12/01/2026,,1,1
392180,633246,V,"35876,30324",12/01/2026,"35876,30324",12/01/2026,,1,1
392183,633247,V,"37522,651717",12/01/2026,"37522,651717",12/01/2026,,1,1
392186,633248,V,"58388,329156",12/01/2026,"58388,329156",12/01/2026,,1,1
392189,633249,V,"21756,165618",12/01/2026,"21756,165618",12/01/2026,,1,1
392192,633250,V,"28682,476198",12/01/2026,"28682,476198",12/01/2026,,1,1
392195,633251,V,"43903,616946",12/01/2026,"43903,616946",12/01/2026,,1,1
392198,633252,V,"58808,105555",12/01/2026,"58808,105555",12/01/2026,,1,1
392201,633253,V,"37916,343744",12/01/2026,"37916,343744",12/01/2026,,1,1
392204,633254,V,"19412,818467",12/01/2026,"19412,818467",12/01/2026,,1,1
392207,633255,V,"13489,724952",12/01/2026,"13489,724952",12/01/2026,,1,1
392210,633256,V,"14566,342224",12/01/2026,"14566,342224",12/01/2026,,1,1
392213,633257,V,"13018,750391",12/01/2026,"13018,750391",12/01/2026,,1,1
392216,633258,V,"276561,046277",12/01/2026,"276561,046277",12/01/2026,,1,1
392219,633259,V,"356529,360159",12/01/2026,"356529,360159",12/01/2026,,1,1
392222,633260,V,"43284,871387",12/01/2026,"43284,871387",12/01/2026,,1,1
392225,633261,V,"107036,819588",12/01/2026,"107036,819588",12/01/2026,,1,1
392228,633262,V,"38846,888535",12/01/2026,"38846,888535",12/01/2026,,1,1
392230,633263,V,"95299,534808",25/11/2025,"95299,534808",09/12/2025,,1,1
392233,633264,V,"159274,185915",12/01/2026,"159274,185915",12/01/2026,,1,1
392235,633265,V,"41471,400947",25/11/2025,"41471,400947",09/12/2025,,1,1
392238,633266,V,"65918,58393",12/01/2026,"65918,58393",12/01/2026,,1,1
392241,633267,V,"48369,504009",12/01/2026,"48369,504009",12/01/2026,,1,1
392244,633268,V,"113299,571052",12/01/2026,"113299,571052",12/01/2026,,1,1
392247,633269,V,"66407,756889",12/01/2026,"66407,756889",12/01/2026,,1,1
392250,633270,V,"17239,323039",12/01/2026,"17239,323039",12/01/2026,,1,1
392253,633271,V,"17022,762093",12/01/2026,"17022,762093",12/01/2026,,1,1
392256,633272,V,"21508,667395",12/01/2026,"21508,667395",12/01/2026,,1,1
392259,633273,V,"21879,91473",12/01/2026,"21879,91473",12/01/2026,,1,1
392262,633274,V,"24107,398742",12/01/2026,"24107,398742",12/01/2026,,1,1
392265,633275,V,"180599,069617",25/11/2025,"180599,069617",09/12/2025,,1,1
392268,633276,V,"221143,355075",12/01/2026,"221143,355075",12/01/2026,,1,1
392271,633277,V,"87465,124129",12/01/2026,"87465,124129",12/01/2026,,1,1
392274,633278,V,"143280,523138",12/01/2026,"143280,523138",12/01/2026,,1,1
392277,633279,V,"180599,069617",12/01/2026,"180599,069617",12/01/2026,,1,1
392280,633280,V,"152292,261029",12/01/2026,"152292,261029",12/01/2026,,1,1
392283,633281,V,"56471,43115",12/01/2026,"56471,43115",12/01/2026,,1,1
392286,633282,V,"141274,149672",12/01/2026,"141274,149672",12/01/2026,,1,1
392289,633283,V,"102866,429025",12/01/2026,"102866,429025",12/01/2026,,1,1
392292,633284,V,"12798,792411",12/01/2026,"12798,792411",12/01/2026,,1,1
392295,633285,V,"12798,792411",12/01/2026,"12798,792411",12/01/2026,,1,1
392298,633286,V,"13407,84429",12/01/2026,"13407,84429",12/01/2026,,1,1
392301,633287,V,"13804,253944",12/01/2026,"13804,253944",12/01/2026,,1,1
392304,633288,V,"18311,815341",12/01/2026,"18311,815341",12/01/2026,,1,1
392307,633289,V,"19482,803443",12/01/2026,"19482,803443",12/01/2026,,1,1
392310,633290,V,"11596,242219",12/01/2026,"11596,242219",12/01/2026,,1,1
392313,633291,V,"13239,011678",12/01/2026,"13239,011678",12/01/2026,,1,1
392316,633292,V,"12619,84149",12/01/2026,"12619,84149",12/01/2026,,1,1
392319,633293,V,"13550,386281",12/01/2026,"13550,386281",12/01/2026,,1,1
392322,633294,V,"11378,6197",12/01/2026,"11378,6197",12/01/2026,,1,1
392325,633295,V,"11335,641149",12/01/2026,"11335,641149",12/01/2026,,1,1
392328,633296,V,"11335,641149",12/01/2026,"11335,641149",12/01/2026,,1,1
392332,633297,V,"11702,61186",12/01/2026,"11702,61186",12/01/2026,,1,1
392336,633298,V,"11653,021223",12/01/2026,"11653,021223",12/01/2026,,1,1
392340,633299,V,"11653,021223",12/01/2026,"11653,021223",12/01/2026,,1,1
392343,633300,V,"14527,458312",12/01/2026,"14527,458312",12/01/2026,,1,1
392346,633301,V,"15014,204819",12/01/2026,"15014,204819",12/01/2026,,1,1
392349,633302,V,"17100,772563",12/01/2026,"17100,772563",12/01/2026,,1,1
392352,633303,V,"18088,581649",12/01/2026,"18088,581649",12/01/2026,,1,1
392355,633304,V,"18947,546072",12/01/2026,"18947,546072",12/01/2026,,1,1
392358,633305,V,"21953,921552",12/01/2026,"21953,921552",12/01/2026,,1,1
392361,633306,V,"17515,9387",12/01/2026,"17515,9387",12/01/2026,,1,1
392364,633307,V,"18088,581649",12/01/2026,"18088,581649",12/01/2026,,1,1
392367,633308,V,"18732,804966",12/01/2026,"18732,804966",12/01/2026,,1,1
392370,633309,V,"16653,395259",12/01/2026,"16653,395259",12/01/2026,,1,1
392373,633310,V,"17694,889622",12/01/2026,"17694,889622",12/01/2026,,1,1
392376,633311,V,"17945,420912",12/01/2026,"17945,420912",12/01/2026,,1,1
392379,633312,V,"17057,824341",12/01/2026,"17057,824341",12/01/2026,,1,1
392382,633313,V,"20414,943628",12/01/2026,"20414,943628",12/01/2026,,1,1
392385,633314,V,"21810,760815",12/01/2026,"21810,760815",12/01/2026,,1,1
392388,633315,V,"21094,957129",12/01/2026,"21094,957129",12/01/2026,,1,1
392391,633316,V,"23242,368186",12/01/2026,"23242,368186",12/01/2026,,1,1
392394,633317,V,"23242,368186",12/01/2026,"23242,368186",12/01/2026,,1,1
392397,633318,V,"43284,871387",12/01/2026,"43284,871387",12/01/2026,,1,1
392400,633319,V,"20414,943628",12/01/2026,"20414,943628",12/01/2026,,1,1
392403,633320,V,"21488,649156",12/01/2026,"21488,649156",12/01/2026,,1,1
392406,633321,V,"20128,622153",12/01/2026,"20128,622153",12/01/2026,,1,1
392409,633322,V,"20629,684733",12/01/2026,"20629,684733",12/01/2026,,1,1
392412,633323,V,"18911,755887",12/01/2026,"18911,755887",12/01/2026,,1,1
392415,633324,V,"20200,202522",12/01/2026,"20200,202522",12/01/2026,,1,1
392418,633325,V,"20629,684733",12/01/2026,"20629,684733",12/01/2026,,1,1
392421,633326,V,"20271,78289",12/01/2026,"20271,78289",12/01/2026,,1,1
392424,633327,V,"18374,903123",12/01/2026,"18374,903123",12/01/2026,,1,1
392427,633328,V,"21918,131368",12/01/2026,"21918,131368",12/01/2026,,1,1
392430,633329,V,"23993,962056",12/01/2026,"23993,962056",12/01/2026,,1,1
392433,633330,V,"72274,920659",12/01/2026,"72274,920659",12/01/2026,,1,1
392436,633331,V,"15331,220926",12/01/2026,"15331,220926",12/01/2026,,1,1
392439,633332,V,"19786,188949",12/01/2026,"19786,188949",12/01/2026,,1,1
392442,633333,V,"15443,68703",12/01/2026,"15443,68703",12/01/2026,,1,1
392445,633334,V,"47302,16792",12/01/2026,"47302,16792",12/01/2026,,1,1
392448,633335,V,"18264,863472",12/01/2026,"18264,863472",12/01/2026,,1,1
392451,633336,V,"19460,194966",12/01/2026,"19460,194966",12/01/2026,,1,1
392454,633337,V,"21645,943983",12/01/2026,"21645,943983",12/01/2026,,1,1
392457,633338,V,"23353,560403",12/01/2026,"23353,560403",12/01/2026,,1,1
392460,633339,V,"25812,528047",12/01/2026,"25812,528047",12/01/2026,,1,1
392463,633340,V,"28544,714319",12/01/2026,"28544,714319",12/01/2026,,1,1
392466,633341,V,"22670,513835",12/01/2026,"22670,513835",12/01/2026,,1,1
392469,633342,V,"27246,92584",12/01/2026,"27246,92584",12/01/2026,,1,1
392472,633343,V,"30901,224978",12/01/2026,"30901,224978",12/01/2026,,1,1
392475,633344,V,"33735,868235",12/01/2026,"33735,868235",12/01/2026,,1,1
392478,633345,V,"11152,443934",12/01/2026,"11152,443934",12/01/2026,,1,1
392481,633346,V,"57952,780812",12/01/2026,"57952,780812",12/01/2026,,1,1
392484,633347,V,"302142,307976",12/01/2026,"302142,307976",12/01/2026,,1,1
392487,633348,V,"217917,616096",25/11/2025,"217917,616096",09/12/2025,,1,1
392490,633349,V,"392558,095124",12/01/2026,"392558,095124",12/01/2026,,1,1
392493,633350,V,"23626,77903",12/01/2026,"23626,77903",12/01/2026,,1,1
392496,633351,V,"14149,5079",12/01/2026,"14149,5079",12/01/2026,,1,1
392499,633352,V,"19591,769389",12/01/2026,"19591,769389",12/01/2026,,1,1
392502,633353,V,"140318,733735",12/01/2026,"140318,733735",12/01/2026,,1,1
392505,633354,V,"231771,147175",12/01/2026,"231771,147175",12/01/2026,,1,1
392508,633355,V,"251490,932103",12/01/2026,"251490,932103",12/01/2026,,1,1
392511,633356,V,"372523,022936",25/11/2025,"372523,022936",09/12/2025,,1,1
392515,633357,V,"89968,313883",12/01/2026,"89968,313883",12/01/2026,,1,1
392518,633358,V,"71309,040644",12/01/2026,"71309,040644",12/01/2026,,1,1
392521,633359,V,"98481,069877",12/01/2026,"98481,069877",12/01/2026,,1,1
392525,633360,V,"80380,71496",25/11/2025,"80380,71496",09/12/2025,,1,1
392528,633361,V,"265898,604425",12/01/2026,"265898,604425",12/01/2026,,1,1
392531,633362,V,"128930,175772",12/01/2026,"128930,175772",12/01/2026,,1,1
392534,633363,V,"143280,523138",12/01/2026,"143280,523138",12/01/2026,,1,1
392537,633364,V,"73458,726501",12/01/2026,"73458,726501",12/01/2026,,1,1
392540,633365,V,"53202,695421",12/01/2026,"53202,695421",12/01/2026,,1,1
392543,633366,V,"79670,749928",25/11/2025,"79670,749928",09/12/2025,,1,1
392546,633367,V,"17229,617226",12/01/2026,"17229,617226",12/01/2026,,1,1
392549,633368,V,"21417,068788",12/01/2026,"21417,068788",12/01/2026,,1,1
392552,633369,V,"45503,862813",12/01/2026,"45503,862813",12/01/2026,,1,1
392555,633370,V,"32619,396469",12/01/2026,"32619,396469",12/01/2026,,1,1
392558,633371,V,"266866,152628",12/01/2026,"266866,152628",12/01/2026,,1,1
392560,633372,V,"59645,231899",25/11/2025,"59645,231899",09/12/2025,,1,1
392563,633373,V,"23099,207449",12/01/2026,"23099,207449",12/01/2026,,1,1
392566,633374,V,"29255,119146",12/01/2026,"29255,119146",12/01/2026,,1,1
392569,633375,V,"19779,455542",12/01/2026,"19779,455542",12/01/2026,,1,1
392572,633376,V,"21137,420059",12/01/2026,"21137,420059",12/01/2026,,1,1
392575,633377,V,"35306,693357",12/01/2026,"35306,693357",12/01/2026,,1,1
392578,633378,V,"59870,892044",12/01/2026,"59870,892044",12/01/2026,,1,1
392581,633379,V,"28754,056566",12/01/2026,"28754,056566",12/01/2026,,1,1
392584,633380,V,"123954,369575",12/01/2026,"123954,369575",12/01/2026,,1,1
392586,633381,V,"207260,8066",25/11/2025,"207260,8066",09/12/2025,,1,1
392589,633382,V,"103726,303368",12/01/2026,"103726,303368",12/01/2026,,1,1
392592,633383,V,"23199,9868",12/01/2026,"23199,9868",12/01/2026,,1,1
392595,633384,V,"38642,4424",12/01/2026,"38642,4424",12/01/2026,,1,1
392598,633385,V,"66647,8198",12/01/2026,"66647,8198",12/01/2026,,1,1
392601,633386,V,"16216,755011",12/01/2026,"16216,755011",12/01/2026,,1,1
392604,633387,V,"60098,7916",12/01/2026,"60098,7916",12/01/2026,,1,1
392607,633388,V,"175267,848691",12/01/2026,"175267,848691",12/01/2026,,1,1
392610,633389,V,"134869,041234",12/01/2026,"134869,041234",12/01/2026,,1,1
392613,633390,V,"72899,808178",12/01/2026,"72899,808178",12/01/2026,,1,1
392616,633391,V,"68772,411332",12/01/2026,"68772,411332",12/01/2026,,1,1
392619,633392,V,"97578,201817",12/01/2026,"97578,201817",12/01/2026,,1,1
392622,633393,V,"282282,076904",12/01/2026,"282282,076904",12/01/2026,,1,1
392625,633394,V,"103726,303368",12/01/2026,"103726,303368",12/01/2026,,1,1
392628,633395,V,"66579,731758",12/01/2026,"66579,731758",12/01/2026,,1,1
392632,633396,V,"10569,039666",12/01/2026,"10569,039666",12/01/2026,,1,1
392635,633397,V,"39251,196295",12/01/2026,"39251,196295",12/01/2026,,1,1
392638,633398,V,"11367,18504",12/01/2026,"11367,18504",12/01/2026,,1,1
392641,633399,V,"11696,454735",12/01/2026,"11696,454735",12/01/2026,,1,1
392644,633400,V,"17610,570374",12/01/2026,"17610,570374",12/01/2026,,1,1
392647,633401,V,"33257,553654",12/01/2026,"33257,553654",12/01/2026,,1,1
392650,633402,V,"40282,135587",12/01/2026,"40282,135587",12/01/2026,,1,1
392653,633403,V,"70485,411445",12/01/2026,"70485,411445",12/01/2026,,1,1
392656,633404,V,"109854,614161",12/01/2026,"109854,614161",12/01/2026,,1,1
392659,633405,V,"13578,16917",12/01/2026,"13578,16917",12/01/2026,,1,1
392662,633406,V,"35296,987545",12/01/2026,"35296,987545",12/01/2026,,1,1
392665,633407,V,"43142,923876",12/01/2026,"43142,923876",12/01/2026,,1,1
392668,633408,V,"64150,548826",12/01/2026,"64150,548826",12/01/2026,,1,1
392671,633409,V,"76569,742774",12/01/2026,"76569,742774",12/01/2026,,1,1
392674,633410,V,"240775,108283",12/01/2026,"240775,108283",12/01/2026,,1,1
392677,633411,V,"365038,628127",12/01/2026,"365038,628127",12/01/2026,,1,1
392680,633412,V,"49651,88451",12/01/2026,"49651,88451",12/01/2026,,1,1
392683,633413,V,"61438,380793",12/01/2026,"61438,380793",12/01/2026,,1,1
392686,633414,V,"106051,148814",12/01/2026,"106051,148814",12/01/2026,,1,1
392689,633415,V,"146054,869034",12/01/2026,"146054,869034",12/01/2026,,1,1
392692,633416,V,"207309,466134",12/01/2026,"207309,466134",12/01/2026,,1,1
392695,633417,V,"153823,7944",12/01/2026,"153823,7944",12/01/2026,,1,1
392699,633418,V,"162538,978658",12/01/2026,"162538,978658",12/01/2026,,1,1
392702,633419,V,"182509,90149",12/01/2026,"182509,90149",12/01/2026,,1,1
392705,633420,V,"121955,639436",12/01/2026,"121955,639436",12/01/2026,,1,1
392708,633421,V,"60818,664653",12/01/2026,"60818,664653",12/01/2026,,1,1
392711,633422,V,"102436,491854",12/01/2026,"102436,491854",12/01/2026,,1,1
392714,633423,V,"11696,454735",12/01/2026,"11696,454735",12/01/2026,,1,1
392717,633424,V,"14348,507391",12/01/2026,"14348,507391",12/01/2026,,1,1
392720,633425,V,"240775,108283",12/01/2026,"240775,108283",12/01/2026,,1,1
392723,633426,V,"24638,185373",12/01/2026,"24638,185373",12/01/2026,,1,1
392726,633427,V,"38246,872162",12/01/2026,"38246,872162",12/01/2026,,1,1
392729,633428,V,"52191,167755",12/01/2026,"52191,167755",12/01/2026,,1,1
392732,633429,V,"75885,482979",12/01/2026,"75885,482979",12/01/2026,,1,1
392735,633430,V,"73974,651106",12/01/2026,"73974,651106",12/01/2026,,1,1
392738,633431,V,"425835,232191",12/01/2026,"425835,232191",12/01/2026,,1,1
392741,633432,V,"86724,449299",12/01/2026,"86724,449299",12/01/2026,,1,1
392744,633433,V,"89883,691329",12/01/2026,"89883,691329",12/01/2026,,1,1
392748,633434,V,"228580,057947",12/01/2026,"228580,057947",12/01/2026,,1,1
392751,633435,V,"520335,422468",12/01/2026,"520335,422468",12/01/2026,,1,1
392755,633436,V,"266280,7708",12/01/2026,"266280,7708",12/01/2026,,1,1
392759,633437,V,"350051,64011",12/01/2026,"350051,64011",12/01/2026,,1,1
392764,633439,V,"107108,730561",12/01/2026,"107108,730561",12/01/2026,,1,1
392767,633440,V,"75049,494035",12/01/2026,"75049,494035",12/01/2026,,1,1
392770,633441,V,"13661,335853",12/01/2026,"13661,335853",12/01/2026,,1,1
392773,633442,V,"94321,67418",12/01/2026,"94321,67418",12/01/2026,,1,1
392776,633443,V,"129825,536993",12/01/2026,"129825,536993",12/01/2026,,1,1
392778,633444,V,"152165,891347",12/01/2026,"152165,891347",12/01/2026,,1,1
392781,633445,V,"65160,939092",12/01/2026,"65160,939092",12/01/2026,,1,1
392784,633446,V,"89454,209117",12/01/2026,"89454,209117",12/01/2026,,1,1
392787,633447,V,"36627,89711",12/01/2026,"36627,89711",12/01/2026,,1,1
392790,633448,V,"19412,818467",12/01/2026,"19412,818467",12/01/2026,,1,1
392791,633449,V,,,10000,20/11/2025,,,1
392794,633450,V,"26992,75487",12/01/2026,"26992,75487",12/01/2026,,1,1
392797,633451,V,"31578,751365",12/01/2026,"31578,751365",12/01/2026,,1,1
392798,633452,V,"101392,3648",12/01/2026,"101392,3648",12/01/2026,,1,1
392801,633453,V,"28109,833249",12/01/2026,"28109,833249",12/01/2026,,1,1
392804,633454,V,"96660,775038",12/01/2026,"96660,775038",12/01/2026,,1,1
392807,633455,V,"333972,748166",12/01/2026,"333972,748166",12/01/2026,,1,1
392810,633456,V,"91565,82999",12/01/2026,"91565,82999",12/01/2026,,1,1
392813,633457,V,"14659,881994",12/01/2026,"14659,881994",12/01/2026,,1,1
392816,633458,V,"11642,769459",12/01/2026,"11642,769459",12/01/2026,,1,1
392819,633459,V,"12086,567744",12/01/2026,"12086,567744",12/01/2026,,1,1
392822,633460,V,"12176,043205",12/01/2026,"12176,043205",12/01/2026,,1,1
392825,633461,V,"24924,506848",12/01/2026,"24924,506848",12/01/2026,,1,1
392828,633462,V,"291811,911076",12/01/2026,"291811,911076",12/01/2026,,1,1
392831,633463,V,"321983,03643",12/01/2026,"321983,03643",12/01/2026,,1,1
392834,633464,V,"1296299,223275",12/01/2026,"1296299,223275",12/01/2026,,1,1
392835,633465,V,,,10000,20/11/2025,,,1
392838,633466,V,"104092,394491",12/01/2026,"104092,394491",12/01/2026,,1,1
392841,633467,V,"19269,65773",12/01/2026,"19269,65773",12/01/2026,,1,1
392845,633468,V,"370373,337079",12/01/2026,"370373,337079",12/01/2026,,1,1
392848,633469,V,"92102,682754",12/01/2026,"92102,682754",12/01/2026,,1,1
392849,633470,V,,,10000,20/11/2025,,,1
392852,633471,V,"59094,1",12/01/2026,"59094,1",12/01/2026,,1,1
392855,633472,V,87517,12/01/2026,87517,12/01/2026,,1,1
392858,633473,V,"37130,95",12/01/2026,"37130,95",12/01/2026,,1,1
392861,633474,V,165034,12/01/2026,165034,12/01/2026,,1,1
392864,633475,V,"56510,2",12/01/2026,"56510,2",12/01/2026,,1,1
392867,633476,V,"149530,6",12/01/2026,"149530,6",12/01/2026,,1,1
392870,633477,V,"69429,7",12/01/2026,"69429,7",12/01/2026,,1,1
392873,633478,V,"170201,8",12/01/2026,"170201,8",12/01/2026,,1,1
392876,633479,V,"100436,5",12/01/2026,"100436,5",12/01/2026,,1,1
392879,633480,V,"28087,3",12/01/2026,"28087,3",12/01/2026,,1,1
392882,633481,V,"33255,1",12/01/2026,"33255,1",12/01/2026,,1,1
392885,633482,V,"20335,6",12/01/2026,"20335,6",12/01/2026,,1,1
392888,633483,V,"14625,181",12/01/2026,"14625,181",12/01/2026,,1,1
392891,633484,V,"16640,623",12/01/2026,"16640,623",12/01/2026,,1,1
392894,633485,V,"17751,7",12/01/2026,"17751,7",12/01/2026,,1,1
392897,633486,V,"28087,3",12/01/2026,"28087,3",12/01/2026,,1,1
392900,633487,V,"17751,7",12/01/2026,"17751,7",12/01/2026,,1,1
392903,633488,V,"28087,3",12/01/2026,"28087,3",12/01/2026,,1,1
392906,633490,V,87517,12/01/2026,87517,12/01/2026,,1,1
392909,633491,V,"229631,5",12/01/2026,"229631,5",12/01/2026,,1,1
392912,633492,V,"325235,8",12/01/2026,"325235,8",12/01/2026,,1,1
392915,633493,V,"38422,9",12/01/2026,"38422,9",12/01/2026,,1,1
392918,633494,V,"11524,501",12/01/2026,"11524,501",12/01/2026,,1,1
392921,633495,V,"12196,315",12/01/2026,"12196,315",12/01/2026,,1,1
392924,633496,V,"11395,306",12/01/2026,"11395,306",12/01/2026,,1,1
392927,633497,V,"13023,163",12/01/2026,"13023,163",12/01/2026,,1,1
392930,633498,V,"14495,986",12/01/2026,"14495,986",12/01/2026,,1,1
392933,633499,V,"23823,865",12/01/2026,"23823,865",12/01/2026,,1,1
392936,633500,V,"14651,02",12/01/2026,"14651,02",12/01/2026,,1,1
392942,633029,V,0,,0,20/11/2025,,,
395050,620901,V,0,,0,01/12/2025,,,
395063,631019,V,0,,0,01/12/2025,,,
402461,633505,V,195328,12/01/2026,195328,12/01/2026,,1,1
402474,633506,V,"181268,464103",12/01/2026,"181268,464103",12/01/2026,,1,1
402487,633507,V,464410,12/01/2026,464410,12/01/2026,,1,1
402500,633508,V,255916,12/01/2026,255916,12/01/2026,,1,1
402523,26970,V,0,,0,29/12/2025,,,
402536,26971,V,0,,0,29/12/2025,,,
402549,26972,V,0,,0,29/12/2025,,,
410518,99970,V,0,,0,06/01/2026,,,
410531,99971,V,0,,0,06/01/2026,,,
410544,19999,V,0,,0,06/01/2026,,,
410557,05999,V,0,,0,06/01/2026,,,
410570,26973,V,0,,0,07/01/2026,,,
411668,620005,V,"323351,047029",12/01/2026,"323351,047029",12/01/2026,,1,1
411674,620009,V,"152061,540742",12/01/2026,"152061,540742",12/01/2026,,1,1
411683,620015,V,"372819,581225",12/01/2026,"372819,581225",12/01/2026,,1,1
411691,620018,V,"386489,509581",12/01/2026,"386489,509581",12/01/2026,,1,1
411696,620019,V,"386489,509581",12/01/2026,"386489,509581",12/01/2026,,1,1
411701,620020,V,"464128,675304",12/01/2026,"464128,675304",12/01/2026,,1,1
411709,620051,V,"473539,157844",12/01/2026,"473539,157844",12/01/2026,,1,1
411715,620061,V,"135672,728738",12/01/2026,"135672,728738",12/01/2026,,1,1
411722,620065,V,"287250,352628",12/01/2026,"287250,352628",12/01/2026,,1,1
411744,620148,V,"1643923,84181",12/01/2026,"1643923,84181",12/01/2026,,1,1
411750,620151,V,"232041,962573",12/01/2026,"232041,962573",12/01/2026,,1,1
411756,620164,V,"548413,981811",12/01/2026,"548413,981811",12/01/2026,,1,1
411762,620166,V,"542220,978678",12/01/2026,"542220,978678",12/01/2026,,1,1
411768,620174,V,"258324,475643",12/01/2026,"258324,475643",12/01/2026,,1,1
411773,620193,V,"191862,933076",12/01/2026,"191862,933076",12/01/2026,,1,1
411778,620198,V,"496453,142415",12/01/2026,"496453,142415",12/01/2026,,1,1
411783,620199,V,"2951923,00497",12/01/2026,"2951923,00497",12/01/2026,,1,1
411796,620234,V,"616159,436846",12/01/2026,"616159,436846",12/01/2026,,1,1
411807,620271,V,"317535,661814",12/01/2026,"317535,661814",12/01/2026,,1,1
411813,620275,V,"296086,710052",12/01/2026,"296086,710052",12/01/2026,,1,1
411823,620290,V,"93907,68859",12/01/2026,"93907,68859",12/01/2026,,1,1
411832,620294,V,"123966,42895",12/01/2026,"123966,42895",12/01/2026,,1,1
411840,620296,V,"144962,233437",12/01/2026,"144962,233437",12/01/2026,,1,1
411851,620316,V,"120265,731017",12/01/2026,"120265,731017",12/01/2026,,1,1
411927,621056,V,"349598,706317",12/01/2026,"349598,706317",12/01/2026,,1,1
411936,621083,V,"541436,681987",12/01/2026,"541436,681987",12/01/2026,,1,1
411941,621099,V,"201837,97567",12/01/2026,"201837,97567",12/01/2026,,1,1
411946,621100,V,"219406,129174",12/01/2026,"219406,129174",12/01/2026,,1,1
411952,621156,V,"283705,351599",12/01/2026,"283705,351599",12/01/2026,,1,1
411957,621161,V,"468262,177912",12/01/2026,"468262,177912",12/01/2026,,1,1
411972,621252,V,"427114,85625",12/01/2026,"427114,85625",12/01/2026,,1,1
411994,621751,V,"121369,552782",12/01/2026,"121369,552782",12/01/2026,,1,1
412021,621805,V,"693884,043962",12/01/2026,"693884,043962",12/01/2026,,1,1
412027,621806,V,"45758,65447",12/01/2026,"45758,65447",12/01/2026,,1,1
412033,621807,V,"75828,410423",12/01/2026,"75828,410423",12/01/2026,,1,1
412041,621833,V,"277295,856601",12/01/2026,"277295,856601",12/01/2026,,1,1
412050,621850,V,"128539,904775",12/01/2026,"128539,904775",12/01/2026,,1,1
412055,621852,V,"84109,79066",12/01/2026,"84109,79066",12/01/2026,,1,1
412060,621853,V,"43881,311536",12/01/2026,"43881,311536",12/01/2026,,1,1
412136,621999,V,"687805,07427",12/01/2026,"687805,07427",12/01/2026,,1,1
412152,625102,V,"265365,680482",12/01/2026,"265365,680482",12/01/2026,,1,1
412159,625253,V,"296502,09746",12/01/2026,"296502,09746",12/01/2026,,1,1
412165,625292,V,"248064,39609",12/01/2026,"248064,39609",12/01/2026,,1,1
412185,631022,V,"389434,962056",12/01/2026,"389434,962056",12/01/2026,,1,1
412193,631070,V,"241180,418181",12/01/2026,"241180,418181",12/01/2026,,1,1
412198,631080,V,"297370,632142",12/01/2026,"297370,632142",12/01/2026,,1,1
412203,631090,V,"381882,517098",12/01/2026,"381882,517098",12/01/2026,,1,1
412208,631100,V,"64075,526679",12/01/2026,"64075,526679",12/01/2026,,1,1
412213,631200,V,"677485,310298",12/01/2026,"677485,310298",12/01/2026,,1,1
412218,631211,V,"572279,719038",12/01/2026,"572279,719038",12/01/2026,,1,1
412223,631222,V,"548942,658443",12/01/2026,"548942,658443",12/01/2026,,1,1
412228,631224,V,"457482,515273",12/01/2026,"457482,515273",12/01/2026,,1,1
414511,620005,O,,,"258927,272727",12/01/2026,,,1
414512,620005,P,,,"257568,5332",12/01/2026,,,1
414515,620009,O,,,"123566,115702",12/01/2026,,,1
414516,620009,P,,,"116330,5816",12/01/2026,,,1
414522,620015,O,,,"315583,471074",12/01/2026,,,1
414523,620015,P,,,"275548,9096",12/01/2026,,,1
414528,620018,O,,,"327474,380165",12/01/2026,,,1
414529,620018,P,,,"320121,04",12/01/2026,,,1
414531,620019,O,,,"327474,380165",12/01/2026,,,1
414532,620019,P,,,"320121,04",12/01/2026,,,1
414534,620020,O,,,"395004,958678",12/01/2026,,,1
414535,620020,P,,,"342354,5968",12/01/2026,,,1
414540,620051,O,,,"416196,77472",12/01/2026,,,1
414541,620051,P,,,"384226,855218",12/01/2026,,,1
414544,620061,O,,,"106436,363636",12/01/2026,,,1
414545,620061,P,,,"106154,668",12/01/2026,,,1
414549,620065,O,,,"241154,545455",12/01/2026,,,1
414550,620065,P,,,"213759,659759",12/01/2026,,,1
414555,620111,O,,,"542081,447964",12/01/2026,,,1
414556,620111,P,,,492220,12/01/2026,,,1
414558,620112,O,,,"876923,07534",12/01/2026,,,1
414559,620112,P,,,706540,12/01/2026,,,1
414561,620117,O,,,"1447963,800905",12/01/2026,,,1
414562,620117,P,,,"1499592,114325",12/01/2026,,,1
414564,620118,O,,,"1719457,013575",12/01/2026,,,1
414565,620118,P,,,"1543781,013132",12/01/2026,,,1
414569,620148,O,,,"1467047,22048",12/01/2026,,,1
414570,620148,P,,,"1232966,7148",12/01/2026,,,1
414573,620151,O,,,"193305,785124",12/01/2026,,,1
414574,620151,P,,,"171347,904321",12/01/2026,,,1
414577,620164,O,,,"468317,43648",12/01/2026,,,1
414578,620164,P,,,"444681,273592",12/01/2026,,,1
414581,620166,O,,,"462930,578512",12/01/2026,,,1
414582,620166,P,,,"445207,8364",12/01/2026,,,1
414585,620174,O,,,"144925,619904",12/01/2026,,,1
414586,620174,P,,,"144237,360256",12/01/2026,,,1
414588,620193,O,,,"158189,256198",12/01/2026,,,1
414589,620193,P,,,"150518,945292",12/01/2026,,,1
414591,620198,O,,,"290082,644628",12/01/2026,,,1
414592,620198,P,,,"272963,1388",12/01/2026,,,1
414594,620199,O,,,"2412239,879413",12/01/2026,,,1
414595,620199,P,,,"2073969,1108",12/01/2026,,,1
414605,620234,O,,,"544250,413223",12/01/2026,,,1
414606,620234,P,,,"435264,46",12/01/2026,,,1
414608,620250,O,,,"2558101,290891",12/01/2026,,,1
414609,620250,P,,,"2276057,90612",12/01/2026,,,1
414614,620271,O,,,"216656,198347",12/01/2026,,,1
414615,620271,P,,,"190886,08",12/01/2026,,,1
414618,620275,O,,,"256867,768595",12/01/2026,,,1
414619,620275,P,,,"237072,04",12/01/2026,,,1
414626,620290,O,,,"66033,057851",12/01/2026,,,1
414627,620290,P,,,"78260,066053",12/01/2026,,,1
414630,620292,O,,,"98512,396694",12/01/2026,,,1
414631,620292,P,,,"82981,906122",12/01/2026,,,1
414633,620294,O,,,"111673,553719",12/01/2026,,,1
414634,620294,P,,,"97833,888808",12/01/2026,,,1
414636,620295,O,,,"102326,446281",12/01/2026,,,1
414637,620295,P,,,"89944,5748",12/01/2026,,,1
414639,620296,O,,,"117391,39272",12/01/2026,,,1
414640,620296,P,,,"122241,5272",12/01/2026,,,1
414643,620300,O,,,"108565,37568",12/01/2026,,,1
414644,620300,P,,,"110558,944",12/01/2026,,,1
414648,620316,O,,,"95909,917355",12/01/2026,,,1
414649,620316,P,,,"101702,17",12/01/2026,,,1
414722,621056,O,,,"223966,942149",12/01/2026,,,1
414723,621056,P,,,"250063,0468",12/01/2026,,,1
414729,621083,O,,,"447337,190083",12/01/2026,,,1
414730,621083,P,,,"424079,52784",12/01/2026,,,1
414732,621099,O,,,"181933,884298",12/01/2026,,,1
414733,621099,P,,,"155241,034686",12/01/2026,,,1
414735,621100,O,,,"198595,041322",12/01/2026,,,1
414736,621100,P,,,"168588,357421",12/01/2026,,,1
414739,621156,O,,,"208554,751131",12/01/2026,,,1
414740,621156,P,,,"161283,13",12/01/2026,,,1
414742,621161,O,,,"372820,661157",12/01/2026,,,1
414743,621161,P,,,"389667,88",12/01/2026,,,1
414755,621252,O,,,"354471,493213",12/01/2026,,,1
414756,621252,P,,,"334948,7692",12/01/2026,,,1
414775,621751,O,,,"95462,809917",12/01/2026,,,1
414776,621751,P,,,"90157,8232",12/01/2026,,,1
414800,621805,O,,,"535368,595041",12/01/2026,,,1
414801,621805,P,,,"507897,508",12/01/2026,,,1
414804,621806,O,,,"35317,176928",12/01/2026,,,1
414805,621806,P,,,"41453,6032",12/01/2026,,,1
414808,621807,O,,,"66970,661157",12/01/2026,,,1
414809,621807,P,,,"67891,0468",12/01/2026,,,1
414814,621833,O,,,"258506,631142",12/01/2026,,,1
414815,621833,P,,,186814,12/01/2026,,,1
414821,621850,O,,,"114642,07425",12/01/2026,,,1
414822,621850,P,,,"96960,34",12/01/2026,,,1
414824,621852,O,,,"71672,911663",12/01/2026,,,1
414825,621852,P,,,"67564,2088",12/01/2026,,,1
414827,621853,O,,,"32767,225857",12/01/2026,,,1
414828,621853,P,,,"36317,4244",12/01/2026,,,1
414901,621999,O,,,"520661,157025",12/01/2026,,,1
414902,621999,P,,,"526457,62",12/01/2026,,,1
414915,625102,O,,,"180103,305785",12/01/2026,,,1
414916,625102,P,,,"211787,638",12/01/2026,,,1
414920,625253,O,,,"242949,586777",12/01/2026,,,1
414921,625253,P,,,"223248,4",12/01/2026,,,1
414924,625292,O,,,"171818,181818",12/01/2026,,,1
414925,625292,P,,,"190229,551401",12/01/2026,,,1
414942,631022,O,,,"321084,297521",12/01/2026,,,1
414943,631022,P,,,"316357,182808",12/01/2026,,,1
414948,631070,O,,,"211461,325272",12/01/2026,,,1
414949,631070,P,,,"194620,606",12/01/2026,,,1
414951,631080,O,,,"270743,801653",12/01/2026,,,1
414952,631080,P,,,"218867,937239",12/01/2026,,,1
414954,631090,O,,,"323466,83586",12/01/2026,,,1
414955,631090,P,,,"280291,777075",12/01/2026,,,1
414957,631100,O,,,"50069,93211",12/01/2026,,,1
414958,631100,P,,,"51152,6548",12/01/2026,,,1
414960,631200,O,,,"580584,86586",12/01/2026,,,1
414961,631200,P,,,"509602,4236",12/01/2026,,,1
414963,631211,O,,,"328154,545455",12/01/2026,,,1
414964,631211,P,,,"313952,888968",12/01/2026,,,1
414966,631222,O,,,"314534,435904",12/01/2026,,,1
414967,631222,P,,,"301337,520832",12/01/2026,,,1
414969,631224,O,,,"401780,03616",12/01/2026,,,1
414970,631224,P,,,"344933,938",12/01/2026,,,1
414972,631248,O,,,"489995,867769",12/01/2026,,,1
414973,631248,P,,,"257042,595178",12/01/2026,,,1
415139,633002,O,,,"72497,917355",12/01/2026,,,1
415140,633002,P,,,"90553,214018",12/01/2026,,,1
415142,633003,O,,,"93801,652893",12/01/2026,,,1
415143,633003,P,,,"114110,145364",12/01/2026,,,1
415146,633006,O,,,"67357,024793",12/01/2026,,,1
415147,633006,P,,,"84342,25",12/01/2026,,,1
415149,633007,P,,,"150652,00072",12/01/2026,,,1
415151,633008,O,,,"173552,892562",12/01/2026,,,1
415152,633008,P,,,"183154,8",12/01/2026,,,1
415154,633009,P,,,"133050,698245",12/01/2026,,,1
415156,633011,P,,,"152027,7208",12/01/2026,,,1
415158,633012,P,,,"231465,4288",12/01/2026,,,1
415161,633014,O,,,"33057,85124",12/01/2026,,,1
415162,633014,P,,,"44325,954667",12/01/2026,,,1
415164,633015,O,,,"71685,578512",12/01/2026,,,1
415165,633015,P,,,"71685,5824",12/01/2026,,,1
415167,633016,O,,,"24792,561983",12/01/2026,,,1
415168,633016,P,,,"35374,4164",12/01/2026,,,1
415170,633018,P,,,"432913,3696",12/01/2026,,,1
415172,633020,O,,,"76859,504132",12/01/2026,,,1
415173,633020,P,,,"90400,0048",12/01/2026,,,1
415175,633022,O,,,"121487,603306",12/01/2026,,,1
415176,633022,P,,,"131462,6452",12/01/2026,,,1
415178,633023,O,,,"218181,818182",12/01/2026,,,1
415179,633023,P,,,"235573,9432",12/01/2026,,,1
415182,633024,O,,,"96694,214876",12/01/2026,,,1
415183,633024,P,,,"107075,536744",12/01/2026,,,1
415185,633025,O,,,"55371,900826",12/01/2026,,,1
415186,633025,P,,,"64481,2156",12/01/2026,,,1
415188,633026,O,,,"231404,958678",12/01/2026,,,1
415189,633026,P,,,"241358,44",12/01/2026,,,1
415191,633027,P,,,"107767,426",12/01/2026,,,1
415194,633033,P,,,"31968,8716",12/01/2026,,,1
415196,633034,P,,,"183041,968",12/01/2026,,,1
415198,633035,P,,,"929668,552",12/01/2026,,,1
415200,633036,P,,,"90749,3464",12/01/2026,,,1
415202,633037,P,,,"20065,118788",12/01/2026,,,1
415204,633038,P,,,"23255,74603",12/01/2026,,,1
415206,633039,P,,,"23358,503751",12/01/2026,,,1
415208,633040,P,,,"13936,32752",12/01/2026,,,1
415210,633041,P,,,"16472,105358",12/01/2026,,,1
415212,633042,P,,,"21656,748898",12/01/2026,,,1
415213,633043,P,,,"61759,444734",12/01/2026,,,1
415215,633044,O,,,"27148,41629",12/01/2026,,,1
415216,633044,P,,,"35577,59176",12/01/2026,,,1
415218,633045,P,,,"41033,58958",12/01/2026,,,1
415220,633046,P,,,"45524,18296",12/01/2026,,,1
415222,633047,P,,,"32008,637845",12/01/2026,,,1
415224,633048,P,,,"11719,370462",12/01/2026,,,1
415226,633049,P,,,"11770,694954",12/01/2026,,,1
415228,633050,P,,,"11839,127609",12/01/2026,,,1
415230,633051,P,,,"11924,668428",12/01/2026,,,1
415232,633052,P,,,"12112,85823",12/01/2026,,,1
415234,633053,P,,,"12660,319472",12/01/2026,,,1
415236,633054,P,,,"12232,615377",12/01/2026,,,1
415238,633055,P,,,"12395,142933",12/01/2026,,,1
415240,633056,P,,,"12570,501612",12/01/2026,,,1
415242,633057,P,,,"13006,759789",12/01/2026,,,1
415244,633058,P,,,"13644,038891",12/01/2026,,,1
415246,633059,P,,,"14460,953712",12/01/2026,,,1
415248,633060,P,,,"16158,93897",12/01/2026,,,1
415250,633061,P,,,"17664,457385",12/01/2026,,,1
415252,633062,P,,,"13032,422035",12/01/2026,,,1
415254,633063,P,,,"13520,004703",12/01/2026,,,1
415256,633064,P,,,"14238,547583",12/01/2026,,,1
415258,633065,P,,,"13874,999102",12/01/2026,,,1
415260,633066,P,,,"14636,312391",12/01/2026,,,1
415262,633067,P,,,"15312,084862",12/01/2026,,,1
415264,633068,P,,,"20051,046236",12/01/2026,,,1
415266,633069,P,,,"22275,10753",12/01/2026,,,1
415268,633070,P,,,"30187,633291",12/01/2026,,,1
415270,633071,P,,,"19891,143507",12/01/2026,,,1
415272,633072,P,,,"10758,378524",12/01/2026,,,1
415274,633073,P,,,"13304,634405",12/01/2026,,,1
415276,633074,P,,,"18443,254397",12/01/2026,,,1
415278,633075,P,,,"23564,572638",12/01/2026,,,1
415280,633076,P,,,"13515,715765",12/01/2026,,,1
415282,633077,P,,,"18996,910423",12/01/2026,,,1
415284,633078,P,,,"23979,814658",12/01/2026,,,1
415286,633079,P,,,"13090,092695",12/01/2026,,,1
415288,633080,P,,,"15920,659129",12/01/2026,,,1
415290,633081,P,,,"26059,926311",12/01/2026,,,1
415292,633082,P,,,"24676,774763",12/01/2026,,,1
415294,633083,P,,,"22333,101306",12/01/2026,,,1
415296,633084,P,,,"21756,788161",12/01/2026,,,1
415298,633085,P,,,"23562,569349",12/01/2026,,,1
415300,633086,P,,,"25675,717548",12/01/2026,,,1
415302,633087,P,,,"28326,758016",12/01/2026,,,1
415304,633088,P,,,"10968,206084",12/01/2026,,,1
415306,633089,P,,,"11356,256935",12/01/2026,,,1
415308,633090,P,,,"16193,445266",12/01/2026,,,1
415310,633091,P,,,"14030,349928",12/01/2026,,,1
415311,633092,P,,,"14668,136476",12/01/2026,,,1
415313,633093,P,,,"13769,749407",12/01/2026,,,1
415315,633094,P,,,"14813,62836",12/01/2026,,,1
415317,633095,P,,,"12104,086671",12/01/2026,,,1
415319,633096,P,,,"14847,844688",12/01/2026,,,1
415321,633097,P,,,"20048,871469",12/01/2026,,,1
415323,633098,P,,,"16787,66399",12/01/2026,,,1
415325,633099,P,,,"12386,588851",12/01/2026,,,1
415327,633100,P,,,"15461,781295",12/01/2026,,,1
415329,633101,P,,,"24199,775959",12/01/2026,,,1
415331,633102,P,,,"27407,556672",12/01/2026,,,1
415333,633103,P,,,"20435,979921",12/01/2026,,,1
415335,633104,P,,,"18536,973739",12/01/2026,,,1
415337,633105,P,,,"19281,178865",12/01/2026,,,1
415339,633106,P,,,"28562,357729",12/01/2026,,,1
415341,633107,P,,,"29374,99551",12/01/2026,,,1
415343,633108,P,,,"15992,134373",12/01/2026,,,1
415345,633109,P,,,"21419,69934",12/01/2026,,,1
415347,633110,P,,,"25012,413739",12/01/2026,,,1
415349,633111,P,,,"17955,29617",12/01/2026,,,1
415351,633112,P,,,"20350,439102",12/01/2026,,,1
415353,633113,P,,,"14559,325654",12/01/2026,,,1
415355,633114,P,,,"16099,060397",12/01/2026,,,1
415357,633115,P,,,"16894,590014",12/01/2026,,,1
415359,633116,P,,,"15089,678732",12/01/2026,,,1
415361,633117,P,,,"16099,060397",12/01/2026,,,1
415363,633118,P,,,"16787,66399",12/01/2026,,,1
415365,633119,P,,,"14721,85321",12/01/2026,,,1
415367,633120,P,,,"14773,177702",12/01/2026,,,1
415369,633121,P,,,"17916,76648",12/01/2026,,,1
415371,633122,P,,,"19666,11255",12/01/2026,,,1
415373,633123,P,,,"17621,686975",12/01/2026,,,1
415375,633124,P,,,"18421,493633",12/01/2026,,,1
415377,633125,P,,,"17018,624201",12/01/2026,,,1
415379,633126,P,,,"18062,222193",12/01/2026,,,1
415381,633127,P,,,"20051,046236",12/01/2026,,,1
415383,633128,P,,,"39169,419288",12/01/2026,,,1
415385,633129,P,,,"24513,69682",12/01/2026,,,1
415387,633130,P,,,"21419,69934",12/01/2026,,,1
415389,633131,P,,,"13712,471546",12/01/2026,,,1
415391,633132,P,,,"14242,824624",12/01/2026,,,1
415393,633133,P,,,"11325,882695",12/01/2026,,,1
415395,633134,P,,,"11856,235773",12/01/2026,,,1
415397,633135,P,,,"12493,514875",12/01/2026,,,1
415399,633136,P,,,"12600,440898",12/01/2026,,,1
415401,633137,P,,,"13712,471546",12/01/2026,,,1
415403,633138,P,,,"16150,384888",12/01/2026,,,1
415405,633139,P,,,"20055,35776",12/01/2026,,,1
415407,633140,P,,,"18981,785998",12/01/2026,,,1
415409,633141,P,,,"20393,209512",12/01/2026,,,1
415411,633142,P,,,"33908,658918",12/01/2026,,,1
415413,633143,P,,,"35876,097756",12/01/2026,,,1
415415,633144,P,,,"40709,154031",12/01/2026,,,1
415417,633145,P,,,"11886,17506",12/01/2026,,,1
415419,633146,P,,,"17424,943092",12/01/2026,,,1
415421,633147,P,,,"20607,061559",12/01/2026,,,1
415423,633148,P,,,"24370,857597",12/01/2026,,,1
415425,633149,P,,,"26038,903568",12/01/2026,,,1
415427,633150,P,,,"17797,045654",12/01/2026,,,1
415429,633151,P,,,"23429,908587",12/01/2026,,,1
415431,633152,P,,,"16099,060397",12/01/2026,,,1
415433,633153,P,,,"16586,643065",12/01/2026,,,1
415435,633154,P,,,"19323,949274",12/01/2026,,,1
415437,633155,P,,,"19323,949274",12/01/2026,,,1
415439,633156,P,,,"19323,949274",12/01/2026,,,1
415441,633157,P,,,"13979,17993",12/01/2026,,,1
415443,633158,P,,,"17232,476249",12/01/2026,,,1
415445,633159,P,,,"20222,127874",12/01/2026,,,1
415447,633160,P,,,"25311,806606",12/01/2026,,,1
415449,633161,P,,,"12437,913342",12/01/2026,,,1
415451,633162,P,,,"12703,089881",12/01/2026,,,1
415453,633163,P,,,"13023,867953",12/01/2026,,,1
415455,633164,P,,,"13340,368983",12/01/2026,,,1
415457,633165,P,,,"14028,972576",12/01/2026,,,1
415459,633166,P,,,"14614,927187",12/01/2026,,,1
415461,633167,P,,,"21034,765655",12/01/2026,,,1
415463,633168,P,,,"24884,102511",12/01/2026,,,1
415465,633169,P,,,"18330,680789",12/01/2026,,,1
415467,633170,O,,,"19007,438017",12/01/2026,,,1
415468,633170,P,,,"28472,08006",12/01/2026,,,1
415470,633171,O,,,"40495,867769",12/01/2026,,,1
415471,633171,P,,,"47039,174639",12/01/2026,,,1
415473,633172,P,,,"14749,38478",12/01/2026,,,1
415475,633173,P,,,"15021,246077",12/01/2026,,,1
415477,633174,P,,,"15021,246077",12/01/2026,,,1
415479,633175,P,,,"16458,331837",12/01/2026,,,1
415481,633176,P,,,"18981,785998",12/01/2026,,,1
415483,633178,P,,,"29674,388376",12/01/2026,,,1
415485,633179,P,,,"27322,015853",12/01/2026,,,1
415487,633180,P,,,"33096,021137",12/01/2026,,,1
415489,633181,P,,,"39468,812155",12/01/2026,,,1
415491,633183,O,,,"154545,454545",12/01/2026,,,1
415492,633183,P,,,"158855,088004",12/01/2026,,,1
415494,633185,O,,,"75545,454545",12/01/2026,,,1
415495,633185,P,,,"93939,4996",12/01/2026,,,1
415497,633186,O,,,"95451,239669",12/01/2026,,,1
415498,633186,P,,,"112870,3852",12/01/2026,,,1
415501,633188,P,,,"23620,810231",12/01/2026,,,1
415503,633189,P,,,"172130,9368",12/01/2026,,,1
415506,633192,O,,,"55371,900826",12/01/2026,,,1
415507,633192,P,,,"67839,61",12/01/2026,,,1
415508,633193,P,,,"201814,412837",12/01/2026,,,1
415511,633194,P,,,"95700,1384",12/01/2026,,,1
415514,633196,O,,,"40495,867769",12/01/2026,,,1
415515,633196,P,,,"44890,2244",12/01/2026,,,1
415518,633197,O,,,"45247,963801",12/01/2026,,,1
415519,633197,P,,,"53538,0364",12/01/2026,,,1
415521,633198,P,,,"157847,5804",12/01/2026,,,1
415524,633199,O,,,"34710,743802",12/01/2026,,,1
415525,633199,P,,,"48897,52618",12/01/2026,,,1
415527,633200,P,,,"14064,258164",12/01/2026,,,1
415529,633201,P,,,"15901,033401",12/01/2026,,,1
415531,633202,P,,,"18299,170262",12/01/2026,,,1
415533,633203,P,,,"14845,673546",12/01/2026,,,1
415535,633204,P,,,"16960,884148",12/01/2026,,,1
415537,633205,P,,,"21406,868217",12/01/2026,,,1
415539,633206,P,,,"12730,462943",12/01/2026,,,1
415541,633207,P,,,"18909,93171",12/01/2026,,,1
415543,633208,P,,,"19878,442261",12/01/2026,,,1
415545,633209,P,,,"17683,917921",12/01/2026,,,1
415547,633210,P,,,"26436,668376",12/01/2026,,,1
415549,633211,P,,,"13386,133321",12/01/2026,,,1
415551,633212,P,,,"15263,326595",12/01/2026,,,1
415553,633213,P,,,"21451,777147",12/01/2026,,,1
415555,633214,P,,,"16237,850376",12/01/2026,,,1
415557,633215,O,,,"17768,595041",12/01/2026,,,1
415558,633215,P,,,"28291,63447",12/01/2026,,,1
415560,633216,P,,,"23472,678997",12/01/2026,,,1
415562,633217,P,,,"31331,741745",12/01/2026,,,1
415564,633218,P,,,"44534,967162",12/01/2026,,,1
415566,633219,P,,,"26167,214796",12/01/2026,,,1
415568,633220,P,,,"27694,118416",12/01/2026,,,1
415570,633221,P,,,"32948,463225",12/01/2026,,,1
415572,633222,P,,,"40358,436673",12/01/2026,,,1
415574,633223,P,,,"52843,11921",12/01/2026,,,1
415576,633224,P,,,"65148,166027",12/01/2026,,,1
415578,633225,P,,,"21586,503937",12/01/2026,,,1
415580,633226,P,,,"100239,436",12/01/2026,,,1
415583,633228,O,,,"334710,743802",12/01/2026,,,1
415584,633228,P,,,"357025,007166",12/01/2026,,,1
415586,633229,P,,,"29396,144919",12/01/2026,,,1
415588,633230,P,,,"45478,054692",12/01/2026,,,1
415590,633231,P,,,"10696,088415",12/01/2026,,,1
415592,633232,P,,,"12173,697189",12/01/2026,,,1
415594,633233,P,,,"12240,769709",12/01/2026,,,1
415596,633234,P,,,"15680,979644",12/01/2026,,,1
415598,633235,P,,,"21137,414637",12/01/2026,,,1
415600,633236,P,,,"10723,033773",12/01/2026,,,1
415602,633237,P,,,"10947,578423",12/01/2026,,,1
415604,633238,P,,,"10983,505567",12/01/2026,,,1
415606,633239,P,,,"13273,860996",12/01/2026,,,1
415608,633240,P,,,"15088,181768",12/01/2026,,,1
415610,633241,P,,,"169105,923392",12/01/2026,,,1
415612,633242,P,,,"191902,551662",12/01/2026,,,1
415614,633243,P,,,"242842,109394",12/01/2026,,,1
415616,633244,P,,,"21548,010569",12/01/2026,,,1
415618,633245,P,,,"33053,250728",12/01/2026,,,1
415620,633246,P,,,"40923,006079",12/01/2026,,,1
415622,633247,P,,,"42890,444916",12/01/2026,,,1
415624,633248,P,,,"67825,593663",12/01/2026,,,1
415626,633249,P,,,"26528,226049",12/01/2026,,,1
415628,633250,P,,,"32704,563152",12/01/2026,,,1
415630,633251,P,,,"46758,478788",12/01/2026,,,1
415632,633252,P,,,"60801,144361",12/01/2026,,,1
415634,633253,P,,,"51745,11535",12/01/2026,,,1
415636,633254,P,,,"23512,640333",12/01/2026,,,1
415638,633255,P,,,"15795,535474",12/01/2026,,,1
415640,633256,P,,,"17583,519822",12/01/2026,,,1
415642,633257,P,,,"14408,306238",12/01/2026,,,1
415644,633258,P,,,"296077,5508",12/01/2026,,,1
415646,633259,P,,,"385956,9292",12/01/2026,,,1
415648,633260,P,,,"49776,480848",12/01/2026,,,1
415650,633261,P,,,"114366,3388",12/01/2026,,,1
415652,633262,P,,,"44472,950068",12/01/2026,,,1
415654,633264,P,,,"171950,908",12/01/2026,,,1
415656,633266,O,,,"61982,644628",12/01/2026,,,1
415657,633266,P,,,"70666,4908",12/01/2026,,,1
415659,633267,P,,,"51627,3736",12/01/2026,,,1
415661,633268,P,,,"122839,48",12/01/2026,,,1
415663,633269,P,,,"71198,0044",12/01/2026,,,1
415665,633270,P,,,"20686,803001",12/01/2026,,,1
415667,633271,P,,,"20367,112313",12/01/2026,,,1
415669,633272,P,,,"26989,276566",12/01/2026,,,1
415671,633273,P,,,"27537,317745",12/01/2026,,,1
415673,633274,P,,,"30825,564822",12/01/2026,,,1
415676,633276,P,,,"240738,300999",12/01/2026,,,1
415678,633277,P,,,"94043,4448",12/01/2026,,,1
415680,633278,P,,,"142443,285054",12/01/2026,,,1
415682,633279,P,,,"191218,950032",12/01/2026,,,1
415684,633280,P,,,"164375,7676",12/01/2026,,,1
415686,633281,P,,,"61951,946653",12/01/2026,,,1
415689,633282,O,,,"136363,636364",12/01/2026,,,1
415690,633282,P,,,"137880,211132",12/01/2026,,,1
415692,633283,P,,,"102646,39384",12/01/2026,,,1
415694,633284,P,,,"13502,574611",12/01/2026,,,1
415696,633285,P,,,"13502,574611",12/01/2026,,,1
415698,633286,P,,,"14787,6409",12/01/2026,,,1
415700,633287,P,,,"14117,816694",12/01/2026,,,1
415702,633288,P,,,"18996,910423",12/01/2026,,,1
415704,633289,P,,,"20464,409479",12/01/2026,,,1
415706,633290,P,,,"11997,632067",12/01/2026,,,1
415708,633291,P,,,"14053,491078",12/01/2026,,,1
415710,633292,P,,,"13278,624828",12/01/2026,,,1
415712,633293,P,,,"14443,163701",12/01/2026,,,1
415714,633294,P,,,"11520,507528",12/01/2026,,,1
415716,633295,P,,,"11473,105615",12/01/2026,,,1
415718,633296,P,,,"11473,105615",12/01/2026,,,1
415721,633297,P,,,"11689,45777",12/01/2026,,,1
415724,633298,P,,,"11689,45777",12/01/2026,,,1
415727,633299,P,,,"11689,45777",12/01/2026,,,1
415729,633300,P,,,"15488,869221",12/01/2026,,,1
415731,633301,P,,,"16078,9769",12/01/2026,,,1
415733,633302,P,,,"18608,629671",12/01/2026,,,1
415735,633303,P,,,"19806,201138",12/01/2026,,,1
415737,633304,P,,,"20555,31358",12/01/2026,,,1
415739,633305,P,,,"24492,350354",12/01/2026,,,1
415741,633306,P,,,"19111,956809",12/01/2026,,,1
415743,633307,P,,,"19806,201138",12/01/2026,,,1
415745,633308,P,,,"20587,226007",12/01/2026,,,1
415747,633309,P,,,"18066,25129",12/01/2026,,,1
415749,633310,P,,,"19328,908162",12/01/2026,,,1
415751,633311,P,,,"19632,640056",12/01/2026,,,1
415753,633312,P,,,"18556,561347",12/01/2026,,,1
415755,633313,P,,,"22626,568722",12/01/2026,,,1
415757,633314,P,,,"24318,789272",12/01/2026,,,1
415759,633315,P,,,"23450,983862",12/01/2026,,,1
415761,633316,P,,,"25926,515692",12/01/2026,,,1
415763,633317,P,,,"26054,400093",12/01/2026,,,1
415765,633318,P,,,"50352,951585",12/01/2026,,,1
415767,633319,P,,,"22626,568722",12/01/2026,,,1
415769,633320,P,,,"23928,276837",12/01/2026,,,1
415771,633321,P,,,"22279,446558",12/01/2026,,,1
415773,633322,P,,,"22886,910345",12/01/2026,,,1
415775,633323,P,,,"20804,17736",12/01/2026,,,1
415777,633324,P,,,"22366,227099",12/01/2026,,,1
415779,633325,P,,,"22886,910345",12/01/2026,,,1
415781,633326,P,,,"22453,00764",12/01/2026,,,1
415783,633327,P,,,"20153,323302",12/01/2026,,,1
415785,633328,P,,,"24448,960084",12/01/2026,,,1
415787,633329,P,,,"26965,595774",12/01/2026,,,1
415789,633330,P,,,"84240,752862",12/01/2026,,,1
415791,633331,P,,,"15649,413222",12/01/2026,,,1
415793,633332,P,,,"20370,274655",12/01/2026,,,1
415795,633333,P,,,"16599,660146",12/01/2026,,,1
415797,633334,P,,,"49528,536445",12/01/2026,,,1
415799,633335,P,,,"20144,498162",12/01/2026,,,1
415801,633336,P,,,"21611,677648",12/01/2026,,,1
415803,633337,P,,,"24294,520138",12/01/2026,,,1
415805,633338,P,,,"26390,490832",12/01/2026,,,1
415807,633339,P,,,"29408,688633",12/01/2026,,,1
415809,633340,P,,,"32762,241744",12/01/2026,,,1
415811,633341,P,,,"25552,102554",12/01/2026,,,1
415813,633342,P,,,"31169,304016",12/01/2026,,,1
415815,633343,P,,,"35654,681303",12/01/2026,,,1
415817,633344,P,,,"39133,992656",12/01/2026,,,1
415819,633345,P,,,"11386,039588",12/01/2026,,,1
415821,633346,P,,,"64625,8816",12/01/2026,,,1
415823,633347,O,,,"285123,140496",12/01/2026,,,1
415824,633347,P,,,"301450,5532",12/01/2026,,,1
415827,633349,P,,,"425045,6824",12/01/2026,,,1
415829,633350,P,,,"27918,663066",12/01/2026,,,1
415831,633351,P,,,"14932,9",12/01/2026,,,1
415833,633352,P,,,"22035,593237",12/01/2026,,,1
415835,633353,O,,,"139503,305785",12/01/2026,,,1
415836,633353,P,,,"153803,362",12/01/2026,,,1
415838,633354,P,,,"249952,672",12/01/2026,,,1
415840,633355,P,,,"271290,3712",12/01/2026,,,1
415844,633357,P,,,"92421,0424",12/01/2026,,,1
415846,633358,P,,,"76515,2836",12/01/2026,,,1
415848,633359,P,,,"105994,9996",12/01/2026,,,1
415852,633361,P,,,"287630,128",12/01/2026,,,1
415854,633362,P,,,"152978,5975",12/01/2026,,,1
415856,633363,P,,,"170230,674415",12/01/2026,,,1
415858,633364,O,,,"65288,429752",12/01/2026,,,1
415859,633364,P,,,"73307,9848",12/01/2026,,,1
415861,633365,P,,,"59215,3732",12/01/2026,,,1
415864,633367,P,,,"19290,903984",12/01/2026,,,1
415866,633368,P,,,"24672,269163",12/01/2026,,,1
415868,633369,P,,,"55626,617586",12/01/2026,,,1
415870,633370,P,,,"39068,570882",12/01/2026,,,1
415872,633371,P,,,"288170,2144",12/01/2026,,,1
415874,633373,P,,,"26834,01415",12/01/2026,,,1
415876,633374,P,,,"34745,080909",12/01/2026,,,1
415878,633375,P,,,"22567,744545",12/01/2026,,,1
415880,633376,P,,,"24312,88783",12/01/2026,,,1
415882,633377,P,,,"42414,549784",12/01/2026,,,1
415884,633378,P,,,"74089,931059",12/01/2026,,,1
415886,633379,P,,,"34101,15687",12/01/2026,,,1
415888,633380,P,,,"133631,5636",12/01/2026,,,1
415890,633382,O,,,"99172,727273",12/01/2026,,,1
415891,633382,P,,,"105668,66075",12/01/2026,,,1
415893,633383,P,,,"25069,089942",12/01/2026,,,1
415895,633384,O,,,"30577,68595",12/01/2026,,,1
415896,633384,P,,,"36389,97172",12/01/2026,,,1
415898,633385,P,,,"65292,395627",12/01/2026,,,1
415900,633386,P,,,"16729,16578",12/01/2026,,,1
415902,633387,O,,,"51238,842975",12/01/2026,,,1
415903,633387,P,,,"56652,106",12/01/2026,,,1
415905,633388,P,,,"189302,2552",12/01/2026,,,1
415907,633389,O,,,"142985,520362",12/01/2026,,,1
415908,633389,P,,,"145472,7436",12/01/2026,,,1
415910,633390,P,,,"78240,5596",12/01/2026,,,1
415912,633391,O,,,"60330,578512",12/01/2026,,,1
415913,633391,P,,,"73763,4148",12/01/2026,,,1
415915,633392,O,,,"85785,123967",12/01/2026,,,1
415916,633392,P,,,"102587,3116",12/01/2026,,,1
415918,633393,P,,,"305404,7572",12/01/2026,,,1
415920,633394,P,,,"111685,1956",12/01/2026,,,1
415922,633395,P,,,"68461,138",12/01/2026,,,1
415925,633396,P,,,"10573,801294",12/01/2026,,,1
415927,633397,P,,,"45171,495307",12/01/2026,,,1
415929,633398,P,,,"11643,896603",12/01/2026,,,1
415931,633399,P,,,"12039,808873",12/01/2026,,,1
415933,633400,P,,,"19150,912581",12/01/2026,,,1
415935,633401,P,,,"37964,76872",12/01/2026,,,1
415937,633402,P,,,"46411,091667",12/01/2026,,,1
415939,633403,P,,,"82727,362782",12/01/2026,,,1
415941,633404,P,,,"130064,699504",12/01/2026,,,1
415943,633405,P,,,"14302,373103",12/01/2026,,,1
415945,633406,P,,,"40416,974052",12/01/2026,,,1
415947,633407,P,,,"49850,889509",12/01/2026,,,1
415949,633408,P,,,"75110,354964",12/01/2026,,,1
415951,633409,P,,,"90043,133003",12/01/2026,,,1
415953,633410,P,,,"287482,861077",12/01/2026,,,1
415955,633411,P,,,"436896,709349",12/01/2026,,,1
415957,633412,P,,,"57677,231929",12/01/2026,,,1
415959,633413,P,,,"71849,257391",12/01/2026,,,1
415961,633414,P,,,"125491,43138",12/01/2026,,,1
415963,633415,P,,,"173591,708845",12/01/2026,,,1
415965,633416,P,,,"247243,936696",12/01/2026,,,1
415967,633417,O,,,"120361,99095",12/01/2026,,,1
415968,633417,P,,,"135428,6368",12/01/2026,,,1
415971,633418,P,,,"175758,495688",12/01/2026,,,1
415973,633419,O,,,"174380,165289",12/01/2026,,,1
415974,633419,P,,,"191624,4124",12/01/2026,,,1
415976,633420,P,,,"136730,220592",12/01/2026,,,1
415978,633421,P,,,"80788,882624",12/01/2026,,,1
415980,633422,P,,,"110285,686",12/01/2026,,,1
415982,633423,P,,,"12101,229426",12/01/2026,,,1
415984,633424,P,,,"14791,85139",12/01/2026,,,1
415986,633425,P,,,"270981,292827",12/01/2026,,,1
415988,633426,P,,,"26554,098464",12/01/2026,,,1
415990,633427,P,,,"40645,6168",12/01/2026,,,1
415992,633428,P,,,"55297,6036",12/01/2026,,,1
415994,633429,P,,,"80782,3948",12/01/2026,,,1
415996,633430,P,,,"79406,4604",12/01/2026,,,1
415998,633431,P,,,"480261,661725",12/01/2026,,,1
416000,633432,P,,,"96766,498432",12/01/2026,,,1
416002,633433,P,,,"100339,236603",12/01/2026,,,1
416005,633434,P,,,"230203,844836",12/01/2026,,,1
416007,633435,P,,,"537308,6416",12/01/2026,,,1
416010,633436,P,,,"281094,11812",12/01/2026,,,1
416013,633437,P,,,"369706,54384",12/01/2026,,,1
416017,633439,P,,,"110087,44",12/01/2026,,,1
416019,633440,P,,,"80573,4328",12/01/2026,,,1
416021,633441,P,,,"14140,548344",12/01/2026,,,1
416023,633442,P,,,"105358,083081",12/01/2026,,,1
416025,633443,P,,,"136390,365652",12/01/2026,,,1
416028,633444,P,,,165382,12/01/2026,,,1
416030,633445,P,,,"69844,5736",12/01/2026,,,1
416032,633446,P,,,"99853,541783",12/01/2026,,,1
416034,633447,P,,,"40113,078868",12/01/2026,,,1
416036,633448,P,,,"20644,811481",12/01/2026,,,1
416039,633450,P,,,"29216,844856",12/01/2026,,,1
416041,633451,P,,,"34403,077684",12/01/2026,,,1
416043,633452,P,,,"110194,6",12/01/2026,,,1
416045,633453,P,,,"30480,131596",12/01/2026,,,1
416047,633454,O,,,"93801,652893",12/01/2026,,,1
416048,633454,P,,,"103103,169124",12/01/2026,,,1
416050,633455,P,,,"361484,8",12/01/2026,,,1
416051,633456,O,,,"85949,586777",12/01/2026,,,1
416052,633456,P,,,"98492,670023",12/01/2026,,,1
416054,633457,P,,,"15269,788802",12/01/2026,,,1
416056,633458,P,,,"11857,782688",12/01/2026,,,1
416058,633459,P,,,"12359,667336",12/01/2026,,,1
416060,633460,P,,,"12460,853757",12/01/2026,,,1
416062,633461,P,,,"26877,895011",12/01/2026,,,1
416064,633462,P,,,"319135,168",12/01/2026,,,1
416066,633463,P,,,"348476,6476",12/01/2026,,,1
416068,633464,P,,,"1405535,0356",12/01/2026,,,1
416071,633466,P,,,"110297,4736",12/01/2026,,,1
416073,633467,P,,,"20482,913208",12/01/2026,,,1
416076,633468,P,,,"387493,6036",12/01/2026,,,1
416078,633469,P,,,"102848,659842",12/01/2026,,,1
416080,633471,P,,,"56284,2793",12/01/2026,,,1
416082,633472,P,,,"88176,4348",12/01/2026,,,1
416084,633473,P,,,39841,12/01/2026,,,1
416086,633474,P,,,"133322,5",12/01/2026,,,1
416088,633475,P,,,53848,12/01/2026,,,1
416090,633476,P,,,"128389,2964",12/01/2026,,,1
416092,633477,P,,,"62497,684",12/01/2026,,,1
416094,633478,P,,,"135672,9616",12/01/2026,,,1
416096,633479,P,,,"142749,808",12/01/2026,,,1
416098,633480,P,,,"27762,5",12/01/2026,,,1
416100,633481,P,,,31924,12/01/2026,,,1
416102,633482,P,,,20150,12/01/2026,,,1
416104,633483,P,,,"14723,81",12/01/2026,,,1
416106,633484,P,,,"16782,23",12/01/2026,,,1
416108,633485,P,,,17917,12/01/2026,,,1
416110,633486,P,,,"23452,65208",12/01/2026,,,1
416112,633487,P,,,"17612,5",12/01/2026,,,1
416114,633488,P,,,"28231,29154",12/01/2026,,,1
416116,633490,P,,,"72026,3512",12/01/2026,,,1
416118,633491,P,,,"228275,75",12/01/2026,,,1
416120,633492,P,,,"317593,72",12/01/2026,,,1
416122,633493,P,,,"37912,5",12/01/2026,,,1
416124,633494,P,,,"11383,9714",12/01/2026,,,1
416126,633495,P,,,"12156,875",12/01/2026,,,1
416128,633496,P,,,"11370,25",12/01/2026,,,1
416130,633497,P,,,"12968,875",12/01/2026,,,1
416132,633498,P,,,"14415,25",12/01/2026,,,1
416134,633499,P,,,"23575,625",12/01/2026,,,1
416136,633500,P,,,"14932,9",12/01/2026,,,1
416138,633501,P,,,"31468,507058",12/01/2026,,,1
416140,633502,P,,,"27250,133742",12/01/2026,,,1
416142,633503,P,,,"24952,626846",12/01/2026,,,1
416144,633504,P,,,"87060,641126",12/01/2026,,,1
416146,633505,P,,,"121446,4",12/01/2026,,,1
416148,633506,P,,,"112991,48",12/01/2026,,,1
416150,633507,P,,,283258,12/01/2026,,,1
416152,633508,P,,,"157880,8",12/01/2026,,,1
416167,633030,V,0,,0,14/01/2026,,,
416168,633030,O,0,,0,14/01/2026,,,
416169,633030,P,0,,0,14/01/2026,,,
416170,633030,Q,0,,0,14/01/2026,,,
416180,633031,V,0,,0,14/01/2026,,,
416181,633031,O,0,,0,14/01/2026,,,
416182,633031,P,0,,0,14/01/2026,,,
416183,633031,Q,0,,0,14/01/2026,,,
416193,633177,V,0,,0,14/01/2026,,,
416194,633177,O,0,,0,14/01/2026,,,
416195,633177,P,0,,0,14/01/2026,,,
416196,633177,Q,0,,0,14/01/2026,,,
416204,633509,V,0,,0,14/01/2026,,,
416205,633509,O,0,,0,14/01/2026,,,
416206,633509,P,0,,0,14/01/2026,,,
416207,633509,Q,0,,0,14/01/2026,,,
416217,633510,V,0,,0,14/01/2026,,,
416218,633510,O,0,,0,14/01/2026,,,
416219,633510,P,0,,0,14/01/2026,,,
416220,633510,Q,0,,0,14/01/2026,,,
416230,633511,V,0,,0,14/01/2026,,,
416231,633511,O,0,,0,14/01/2026,,,
416232,633511,P,0,,0,14/01/2026,,,
416233,633511,Q,0,,0,14/01/2026,,,
416243,633435,O,0,,"539580,99",14/01/2026,,0,1
416245,633474,O,0,,"174208,14",14/01/2026,,0,1
416247,633512,V,0,,0,15/01/2026,,,
416248,633512,O,0,,0,15/01/2026,,,
416249,633512,P,0,,0,15/01/2026,,,
416250,633512,Q,0,,0,15/01/2026,,,
416260,633513,V,0,,0,15/01/2026,,,
416261,633513,O,0,,0,15/01/2026,,,
416262,633513,P,0,,0,15/01/2026,,,
416263,633513,Q,0,,0,15/01/2026,,,